juan12,hola,juan
pedro3,e23e,pedro
bernardo5,6tr5,bernardo
pancho36,ef67,pancho
jul-99,ws34,julio
julia34,as34,julia
montse1,we45,montse
isa02,ecty,isa
andrea22,tg67,andrea
rafa56,ws12,rafa
teodoro2,1ws3,teodoro
leonel32,as34f,leonel
ignacio34,ws45,ignacio
pedro7,wsft6,pedro
jose00,wpok,jose
daniela99,sljx,daniela
emilia38,wsxt,emilia
serena3,wxcty,serena
lyana001,wxcvt,lyana
andres04,ajun,andres
